--------------------------------------------------------
--  File created - Th? Ba-tháng 3-21-2023   
--------------------------------------------------------
--------------------------------------------------------
--  DDL for Table Authors
--------------------------------------------------------

  CREATE TABLE "HR"."Authors" ("Id" NUMBER(10,0) GENERATED BY DEFAULT ON NULL AS IDENTITY MINVALUE 1 MAXVALUE 9999999999999999999999999999 INCREMENT BY 1 START WITH 1 CACHE 20 NOORDER  NOCYCLE  NOKEEP  NOSCALE , "FirstName" NVARCHAR2(2000), "LastName" NVARCHAR2(2000), "Status" NUMBER(1,0))
--------------------------------------------------------
--  DDL for Table Books
--------------------------------------------------------

  CREATE TABLE "HR"."Books" ("Id" NUMBER(10,0) GENERATED BY DEFAULT ON NULL AS IDENTITY MINVALUE 1 MAXVALUE 9999999999999999999999999999 INCREMENT BY 1 START WITH 1 CACHE 20 NOORDER  NOCYCLE  NOKEEP  NOSCALE , "Name" NVARCHAR2(2000), "NumberOfPage" NUMBER(10,0), "Image" NVARCHAR2(2000), "Status" NUMBER(1,0), "AuthorId" NUMBER(10,0), "TypeId" NUMBER(10,0))
--------------------------------------------------------
--  DDL for Table BorrowedBooks
--------------------------------------------------------

  CREATE TABLE "HR"."BorrowedBooks" ("Id" NUMBER(10,0) GENERATED BY DEFAULT ON NULL AS IDENTITY MINVALUE 1 MAXVALUE 9999999999999999999999999999 INCREMENT BY 1 START WITH 1 CACHE 20 NOORDER  NOCYCLE  NOKEEP  NOSCALE , "BorrowDate" TIMESTAMP (7), "ReturnDate" TIMESTAMP (7), "Status" NUMBER(1,0), "UserId" NUMBER(10,0), "BookId" NUMBER(10,0))
--------------------------------------------------------
--  DDL for Table __EFMigrationsHistory
--------------------------------------------------------

  CREATE TABLE "HR"."__EFMigrationsHistory" ("MigrationId" NVARCHAR2(150), "ProductVersion" NVARCHAR2(32))
--------------------------------------------------------
--  DDL for Table Messages
--------------------------------------------------------

  CREATE TABLE "HR"."Messages" ("Id" NUMBER(10,0) GENERATED BY DEFAULT ON NULL AS IDENTITY MINVALUE 1 MAXVALUE 9999999999999999999999999999 INCREMENT BY 1 START WITH 1 CACHE 20 NOORDER  NOCYCLE  NOKEEP  NOSCALE , "Text" NVARCHAR2(2000), "Date" TIMESTAMP (7), "UserID" NUMBER(10,0), "Status" NUMBER(1,0) DEFAULT 0)
--------------------------------------------------------
--  DDL for Table Positions
--------------------------------------------------------

  CREATE TABLE "HR"."Positions" ("Id" NUMBER(10,0) GENERATED BY DEFAULT ON NULL AS IDENTITY MINVALUE 1 MAXVALUE 9999999999999999999999999999 INCREMENT BY 1 START WITH 1 CACHE 20 NOORDER  NOCYCLE  NOKEEP  NOSCALE , "Name" NVARCHAR2(2000), "Status" NUMBER(1,0))
--------------------------------------------------------
--  DDL for Table Types
--------------------------------------------------------

  CREATE TABLE "HR"."Types" ("Id" NUMBER(10,0) GENERATED BY DEFAULT ON NULL AS IDENTITY MINVALUE 1 MAXVALUE 9999999999999999999999999999 INCREMENT BY 1 START WITH 1 CACHE 20 NOORDER  NOCYCLE  NOKEEP  NOSCALE , "Name" NVARCHAR2(2000), "Status" NUMBER(1,0))
--------------------------------------------------------
--  DDL for Table Users
--------------------------------------------------------

  CREATE TABLE "HR"."Users" ("Id" NUMBER(10,0) GENERATED BY DEFAULT ON NULL AS IDENTITY MINVALUE 1 MAXVALUE 9999999999999999999999999999 INCREMENT BY 1 START WITH 1 CACHE 20 NOORDER  NOCYCLE  NOKEEP  NOSCALE , "FirstName" NVARCHAR2(2000), "LastName" NVARCHAR2(2000), "UserName" NVARCHAR2(2000), "Password" NVARCHAR2(2000), "Email" NVARCHAR2(2000), "Status" NUMBER(1,0), "PositionId" NUMBER(10,0))
REM INSERTING into HR."Authors"
SET DEFINE OFF;
Insert into HR."Authors" ("Id","FirstName","LastName","Status") values ('41','Chetan ','Bhagat','1');
Insert into HR."Authors" ("Id","FirstName","LastName","Status") values ('42','Camilo ','Cruz','1');
Insert into HR."Authors" ("Id","FirstName","LastName","Status") values ('43','Christopher ','McDougall','1');
Insert into HR."Authors" ("Id","FirstName","LastName","Status") values ('81','Terry ','Deary','1');
Insert into HR."Authors" ("Id","FirstName","LastName","Status") values ('82','Nhi?u','tác gi?','1');
Insert into HR."Authors" ("Id","FirstName","LastName","Status") values ('83','Quái ?àm ','Hi?p H?i','1');
Insert into HR."Authors" ("Id","FirstName","LastName","Status") values ('84','Thiên H? ','Bá X??ng','1');
Insert into HR."Authors" ("Id","FirstName","LastName","Status") values ('85','Tr??ng ','??i H?c Lu?t Hà N?i','1');
Insert into HR."Authors" ("Id","FirstName","LastName","Status") values ('86','Thanh ','Long','1');
Insert into HR."Authors" ("Id","FirstName","LastName","Status") values ('87','Gia','B?o','1');
Insert into HR."Authors" ("Id","FirstName","LastName","Status") values ('88','Thanh Thanh ','Thùy Ti?u','1');
Insert into HR."Authors" ("Id","FirstName","LastName","Status") values ('89','Felicien ','Challaye','1');
Insert into HR."Authors" ("Id","FirstName","LastName","Status") values ('90','Fujiko ','F Fujio','1');
Insert into HR."Authors" ("Id","FirstName","LastName","Status") values ('44','Dale','Carnegie','1');
Insert into HR."Authors" ("Id","FirstName","LastName","Status") values ('61','Gosho ','Aoyama','1');
Insert into HR."Authors" ("Id","FirstName","LastName","Status") values ('62','Eiichiro ','Oda','1');
Insert into HR."Authors" ("Id","FirstName","LastName","Status") values ('1','Mai','Ng?c','1');
Insert into HR."Authors" ("Id","FirstName","LastName","Status") values ('2','M?','H?nh','1');
Insert into HR."Authors" ("Id","FirstName","LastName","Status") values ('3','Michael','Cox','1');
Insert into HR."Authors" ("Id","FirstName","LastName","Status") values ('4','Vong','Ng?','1');
Insert into HR."Authors" ("Id","FirstName","LastName","Status") values ('5','Nicolas ','Darvas','1');
Insert into HR."Authors" ("Id","FirstName","LastName","Status") values ('6','Tr?n','B?ch ??ng','1');
Insert into HR."Authors" ("Id","FirstName","LastName","Status") values ('21','PGS.TS.','Nguy?n Công Kh?n','1');
Insert into HR."Authors" ("Id","FirstName","LastName","Status") values ('22','Zig ','Ziglar','1');
Insert into HR."Authors" ("Id","FirstName","LastName","Status") values ('23','Nguy?n','??ng Tu?n Minh','1');
Insert into HR."Authors" ("Id","FirstName","LastName","Status") values ('24','Edgar ','Rice Burroughs','1');
REM INSERTING into HR."Books"
SET DEFINE OFF;
Insert into HR."Books" ("Id","Name","NumberOfPage","Image","Status","AuthorId","TypeId") values ('21','B?ng thành ph?n th?c ph?m Vi?t nam','425','13574e67-7eb3-405e-afe7-1070e379b90e.png','1','21','7');
Insert into HR."Books" ("Id","Name","NumberOfPage","Image","Status","AuthorId","TypeId") values ('61','Ba Chàng Ng?c','53','5b5b22aa-5897-468a-9a0e-9e5d8b23972c.jpg','1','41','13');
Insert into HR."Books" ("Id","Name","NumberOfPage","Image","Status","AuthorId","TypeId") values ('62',' Nga?y x?a co? mô?t con bo?','80','8e767615-178e-4ce3-a870-784e28d68e47.jpg','1','42','13');
Insert into HR."Books" ("Id","Name","NumberOfPage","Image","Status","AuthorId","TypeId") values ('63','Sinh Ra ?? Ch?y','203','60a6f27a-abb0-4b45-91c3-2de75aaf1e74.jpg','1','43','9');
Insert into HR."Books" ("Id","Name","NumberOfPage","Image","Status","AuthorId","TypeId") values ('101','Yaiba','34','d457de96-2899-4282-85fa-5fc344384e26.jpg','1','61','21');
Insert into HR."Books" ("Id","Name","NumberOfPage","Image","Status","AuthorId","TypeId") values ('102','10 Huy?n Tho?i Hy L?p Hay Nh?t M?i Th?i ??i','74','8b16023e-5405-48c3-ad50-715b79b60df0.jpg','1','81','2');
Insert into HR."Books" ("Id","Name","NumberOfPage","Image","Status","AuthorId","TypeId") values ('103','Nghìn L? M?t ?êm','247','3917939a-06ea-4677-b7c1-3d3ea9626e2c.jpg','1','82','2');
Insert into HR."Books" ("Id","Name","NumberOfPage","Image","Status","AuthorId","TypeId") values ('104','Chuy?n Quái D? ? Tr??ng H?c','49','e01f0c9b-b3fa-411a-99c2-8dbaeb1fc884.jpg','1','83','14');
Insert into HR."Books" ("Id","Name","NumberOfPage","Image","Status","AuthorId","TypeId") values ('105','Ma Câm: Ma Khóc D??i H? Tiên ?ôn','38','53d9e5b0-8afd-40bd-a801-f6741f018d72.jpg','1','84','14');
Insert into HR."Books" ("Id","Name","NumberOfPage","Image","Status","AuthorId","TypeId") values ('106','Giáo Trình Lu?t Hành Chính Vi?t Nam','106','9d3358bc-d5ec-4dfb-a10a-d29d0bac4b45.jpg','1','85','11');
Insert into HR."Books" ("Id","Name","NumberOfPage","Image","Status","AuthorId","TypeId") values ('107','Bão L?a U23 – Th??ng Châu Tuy?t Tr?ng','145','0b9e6d33-0b2d-47c2-91b1-b5d30125bf19.jpg','1','82','10');
Insert into HR."Books" ("Id","Name","NumberOfPage","Image","Status","AuthorId","TypeId") values ('108','K? Thu?t ?ánh Bóng Bàn','40','fb992afb-1ed2-4790-b9cc-ea4dfadc0e91.jpg','1','86','10');
Insert into HR."Books" ("Id","Name","NumberOfPage","Image","Status","AuthorId","TypeId") values ('109','M? Thu?t V? Chân Dung','136','89d35475-a690-493f-9f6b-742249c82cf4.jpg','1','87','10');
Insert into HR."Books" ("Id","Name","NumberOfPage","Image","Status","AuthorId","TypeId") values ('110',' Gió ?m Không B?ng Anh Thâm Tình','50','b4ff1954-ab1e-4bb1-8015-e306b3353358.jpg','1','88','15');
Insert into HR."Books" ("Id","Name","NumberOfPage","Image","Status","AuthorId","TypeId") values ('111',' Nietzsche – Cu?c ??i Và Tri?t Lý','176','78411072-5ef3-4ab5-9dce-bfe48186f10d.jpg','1','89','12');
Insert into HR."Books" ("Id","Name","NumberOfPage","Image","Status","AuthorId","TypeId") values ('112',' Truy?n Tranh Doremon Plus','101','bf1bf4fd-040f-4213-a672-3f2e568522ad.jpg','1','90','21');
Insert into HR."Books" ("Id","Name","NumberOfPage","Image","Status","AuthorId","TypeId") values ('113','Truy?n Tranh Doremon Màu','127','2ccaf9e2-3b6e-4282-b76d-18f66f36880e.jpg','1','90','21');
Insert into HR."Books" ("Id","Name","NumberOfPage","Image","Status","AuthorId","TypeId") values ('114',' Truy?n tranh Doremon','182','19622ce9-8e4a-490f-ba93-9b13adfdb411.jpg','1','90','21');
Insert into HR."Books" ("Id","Name","NumberOfPage","Image","Status","AuthorId","TypeId") values ('115','Doremon Truy?n Dài: Th?m công viên kh?ng long','200','43878c08-3b4f-4765-8cb7-a8ce575d62ef.jpg','1','90','21');
Insert into HR."Books" ("Id","Name","NumberOfPage","Image","Status","AuthorId","TypeId") values ('116','Doremon Truy?n Dài: Bí m?t hành tinh màu Tím','191','0c3ea5ef-239b-40a7-9602-53dd558e8b21.jpg','1','90','21');
Insert into HR."Books" ("Id","Name","NumberOfPage","Image","Status","AuthorId","TypeId") values ('64','??c nhân tâm','200','c7c08fc1-bddf-4978-a433-3dde4618d88f.jpg','1','44','9');
Insert into HR."Books" ("Id","Name","NumberOfPage","Image","Status","AuthorId","TypeId") values ('91','Thám T? L?ng Danh Conan b?n ??p ','35','f9330ada-9807-4bef-a66b-23b1d36334f9.jpg','1','61','21');
Insert into HR."Books" ("Id","Name","NumberOfPage","Image","Status","AuthorId","TypeId") values ('44','Tarzan 3: Lu?t C?a R?ng Già','164','52e248d2-7c32-447e-9e70-cd4e3ef23865.jpg','1','24','8');
Insert into HR."Books" ("Id","Name","NumberOfPage","Image","Status","AuthorId","TypeId") values ('11','L?ch S? Vi?t Nam B?ng Tranh (T?p 6) – Th?i Nhà H?','140','e319cf75-f131-4306-b9de-92ec51444276.jpg','1','6','5');
Insert into HR."Books" ("Id","Name","NumberOfPage","Image","Status","AuthorId","TypeId") values ('12','L?ch S? Vi?t Nam B?ng Tranh (T?p 7) – Kh?i Ngh?a Lam S?n','158','d80aebfb-1a6c-4e5f-aa46-2bcd3f834ff7.jpg','1','6','5');
Insert into HR."Books" ("Id","Name","NumberOfPage","Image","Status","AuthorId","TypeId") values ('95','One Piece – ??o H?i T?c','30','78bef05a-6b8e-433a-9d98-b8f9a9955140.jpg','1','62','21');
Insert into HR."Books" ("Id","Name","NumberOfPage","Image","Status","AuthorId","TypeId") values ('1','206 Món canh dinh d??ng cho tr? em','204','9a6f6307-5c46-4463-bcfb-5ea3a14ce23c.jpg','1','1','1');
Insert into HR."Books" ("Id","Name","NumberOfPage","Image","Status","AuthorId","TypeId") values ('2','120 Món Súp B? D??ng Cho Tr? Em Và Ng??i B?nh','136','d54cf487-d2b8-4e04-949e-669ea28eba78.jpg','1','2','1');
Insert into HR."Books" ("Id","Name","NumberOfPage","Image","Status","AuthorId","TypeId") values ('3','10 Huy?n Tho?i Viking Hay Nh?t M?i Th?i ??i','218','c3f3c8e6-4a6c-4a06-9c8c-d2d6a4da4dc8.jpg','1','3','2');
Insert into HR."Books" ("Id","Name","NumberOfPage","Image","Status","AuthorId","TypeId") values ('4',' Phàm Nhân Tu Tiên Chi Tiên Gi?i Thiên (Phàm Nhân Tu Tiên 2)','300','a4d04718-3b8f-48e8-ac0e-56441d3099f3.jpg','1','4','3');
Insert into HR."Books" ("Id","Name","NumberOfPage","Image","Status","AuthorId","TypeId") values ('5','Tôi ?ã Ki?m ???c 2.000.000 ?ô-La T? Th? Tr??ng Ch?ng Khoán Nh? Th? Nào?','157','141ed289-98db-443d-946a-7974dd7f5e6f.jpg','1','5','4');
Insert into HR."Books" ("Id","Name","NumberOfPage","Image","Status","AuthorId","TypeId") values ('6','L?ch S? Vi?t Nam B?ng Tranh (T?p 1) – Th?i Hùng V??ng','313','5580fe1a-281e-4e42-b819-bad61dbb90a3.jpg','1','6','5');
Insert into HR."Books" ("Id","Name","NumberOfPage","Image","Status","AuthorId","TypeId") values ('7','L?ch S? Vi?t Nam B?ng Tranh (T?p 2) – Ch?ng Quân Xâm L??c Ph??ng B?c','301','b59578be-3489-4ea7-a0bc-f0cc77aa14f9.jpg','1','6','5');
Insert into HR."Books" ("Id","Name","NumberOfPage","Image","Status","AuthorId","TypeId") values ('8','L?ch S? Vi?t Nam B?ng Tranh (T?p 3) – Th?i Nhà Ngô – ?inh – Ti?n Lê','308','34692cbf-9665-4ae1-91a1-23c61fe07d42.jpg','1','6','5');
Insert into HR."Books" ("Id","Name","NumberOfPage","Image","Status","AuthorId","TypeId") values ('9','L?ch S? Vi?t Nam B?ng Tranh (T?p 4) – Th?i Nhà Lý','320','4a2c5a10-2c49-4c6d-ac3a-fc2b1e12d4eb.jpg','1','6','5');
Insert into HR."Books" ("Id","Name","NumberOfPage","Image","Status","AuthorId","TypeId") values ('41','Ngh? thu?t bán hàng b?c cao','128','2f8db06a-123d-4f01-be36-372dd86fcaec.jpg','1','22','6');
Insert into HR."Books" ("Id","Name","NumberOfPage","Image","Status","AuthorId","TypeId") values ('42','Tarzan 1: Con C?a R?ng Xanh','142','c7421d9f-e8c1-42a9-8c14-89907186f31a.jpg','1','24','8');
Insert into HR."Books" ("Id","Name","NumberOfPage","Image","Status","AuthorId","TypeId") values ('43','Tarzan 2: Tr? L?i R?ng Già','163','73f5a510-54e2-4a88-aca1-be9495b908c0.jpg','1','24','8');
Insert into HR."Books" ("Id","Name","NumberOfPage","Image","Status","AuthorId","TypeId") values ('10','L?ch S? Vi?t Nam B?ng Tranh (T?p 5) – Nhà Tr?n Th?ng Gi?c Nguyên Mông','157','94181862-52c6-4799-92d6-fcdcdae66159.jpg','1','6','5');
REM INSERTING into HR."BorrowedBooks"
SET DEFINE OFF;
Insert into HR."BorrowedBooks" ("Id","BorrowDate","ReturnDate","Status","UserId","BookId") values ('1',to_timestamp('19-03-2023 00:00:00,000000000','DD-MM-RRRR HH24:MI:SSXFF'),to_timestamp('19-03-2023 00:00:00,000000000','DD-MM-RRRR HH24:MI:SSXFF'),'0','41','21');
Insert into HR."BorrowedBooks" ("Id","BorrowDate","ReturnDate","Status","UserId","BookId") values ('21',to_timestamp('20-03-2023 00:00:00,000000000','DD-MM-RRRR HH24:MI:SSXFF'),to_timestamp('20-03-2023 00:00:00,000000000','DD-MM-RRRR HH24:MI:SSXFF'),'0','8456','61');
Insert into HR."BorrowedBooks" ("Id","BorrowDate","ReturnDate","Status","UserId","BookId") values ('22',to_timestamp('20-03-2023 00:00:00,000000000','DD-MM-RRRR HH24:MI:SSXFF'),to_timestamp('20-03-2023 00:00:00,000000000','DD-MM-RRRR HH24:MI:SSXFF'),'0','41','1');
REM INSERTING into HR."__EFMigrationsHistory"
SET DEFINE OFF;
Insert into HR."__EFMigrationsHistory" ("MigrationId","ProductVersion") values ('20211214101455_first-migration','5.0.12');
Insert into HR."__EFMigrationsHistory" ("MigrationId","ProductVersion") values ('20211217172447_UpdateMessage','5.0.12');
Insert into HR."__EFMigrationsHistory" ("MigrationId","ProductVersion") values ('20230318160856_Mig_1','5.0.12');
REM INSERTING into HR."Messages"
SET DEFINE OFF;
Insert into HR."Messages" ("Id","Text","Date","UserID","Status") values ('41','th? vi?n có cu?n sách c?a nguy?n nh?t ánh không ?',to_timestamp('21-03-2023 00:00:00,000000000','DD-MM-RRRR HH24:MI:SSXFF'),'8456','0');
Insert into HR."Messages" ("Id","Text","Date","UserID","Status") values ('425098765','Có c?p nh?t truy?n tranh ch?a ?',to_timestamp('17-03-2023 01:16:36,887213400','DD-MM-RRRR HH24:MI:SSXFF'),'7542','0');
Insert into HR."Messages" ("Id","Text","Date","UserID","Status") values ('21','Có truy?n ma hay kinh d? không v?y',to_timestamp('20-03-2023 00:00:00,000000000','DD-MM-RRRR HH24:MI:SSXFF'),'8456','0');
Insert into HR."Messages" ("Id","Text","Date","UserID","Status") values ('22','alo alo m??n th? viên 2 cu?n nhé',to_timestamp('20-03-2023 00:00:00,000000000','DD-MM-RRRR HH24:MI:SSXFF'),'8456','0');
REM INSERTING into HR."Positions"
SET DEFINE OFF;
Insert into HR."Positions" ("Id","Name","Status") values ('1','ADMIN','1');
Insert into HR."Positions" ("Id","Name","Status") values ('3','USER','1');
REM INSERTING into HR."Types"
SET DEFINE OFF;
Insert into HR."Types" ("Id","Name","Status") values ('1','?m th?c - N?u ?n','1');
Insert into HR."Types" ("Id","Name","Status") values ('2','C? tích - Th?n tho?i','1');
Insert into HR."Types" ("Id","Name","Status") values ('3','Ki?m Hi?p - Tiên Hi?p','1');
Insert into HR."Types" ("Id","Name","Status") values ('4','Kinh t? - Qu?n lý','1');
Insert into HR."Types" ("Id","Name","Status") values ('5','L?ch s? - Chính tr?','1');
Insert into HR."Types" ("Id","Name","Status") values ('6','Marketing - Bán hàng','1');
Insert into HR."Types" ("Id","Name","Status") values ('7','Nông - Lâm - Ng?','1');
Insert into HR."Types" ("Id","Name","Status") values ('8','Phiêu l?u m?o hi?m','1');
Insert into HR."Types" ("Id","Name","Status") values ('9','Tâm lý - K? n?ng s?ng','1');
Insert into HR."Types" ("Id","Name","Status") values ('10','Th? thao - Ngh? thu?t','1');
Insert into HR."Types" ("Id","Name","Status") values ('11','Th? vi?n pháp lu?t','1');
Insert into HR."Types" ("Id","Name","Status") values ('12','Tri?t h?c','1');
Insert into HR."Types" ("Id","Name","Status") values ('13','Truy?n c??i - Ti?u Lâm','1');
Insert into HR."Types" ("Id","Name","Status") values ('14','Truy?n Ma - Kinh d?','1');
Insert into HR."Types" ("Id","Name","Status") values ('15','Truy?n ng?n - Ngôn Tình','1');
Insert into HR."Types" ("Id","Name","Status") values ('21','Truy?n Tranh','1');
REM INSERTING into HR."Users"
SET DEFINE OFF;
Insert into HR."Users" ("Id","FirstName","LastName","UserName","Password","Email","Status","PositionId") values ('41','My','Tr?n','mymi78','ad11','mymi78@gmail.com','1','3');
Insert into HR."Users" ("Id","FirstName","LastName","UserName","Password","Email","Status","PositionId") values ('42','Ki?u','Tr','trang','admin1111','trng@gmail.com','1','3');
Insert into HR."Users" ("Id","FirstName","LastName","UserName","Password","Email","Status","PositionId") values ('43','Vy','Nguy?n','vyvie','admin123','124@gmail.com','1','3');
Insert into HR."Users" ("Id","FirstName","LastName","UserName","Password","Email","Status","PositionId") values ('8456','Nguy?n','Khang','khang123','111111','khang0130@gmail.com','1','3');
Insert into HR."Users" ("Id","FirstName","LastName","UserName","Password","Email","Status","PositionId") values ('7542','Tr?n','Minh Anh','anhminh11','189654','anhminh@gmail.com','1','3');
Insert into HR."Users" ("Id","FirstName","LastName","UserName","Password","Email","Status","PositionId") values ('1253','Lê','Minh Thy','thuny56','123456','thi245@gmail.com','1','3');
Insert into HR."Users" ("Id","FirstName","LastName","UserName","Password","Email","Status","PositionId") values ('7564','Quan','Tuyen','ad','123','quanngoctuyen2001@gmail.com','1','1');
Insert into HR."Users" ("Id","FirstName","LastName","UserName","Password","Email","Status","PositionId") values ('3363','Tu?n','Ngô','tuanngo23','Admin123','tuanngo309@gmail.com','1','3');
--------------------------------------------------------
--  Constraints for Table Authors
--------------------------------------------------------

  ALTER TABLE "HR"."Authors" MODIFY ("Id" NOT NULL ENABLE)
  ALTER TABLE "HR"."Authors" MODIFY ("Status" NOT NULL ENABLE)
  ALTER TABLE "HR"."Authors" ADD CONSTRAINT "PK_Authors" PRIMARY KEY ("Id") USING INDEX  ENABLE
--------------------------------------------------------
--  Constraints for Table Books
--------------------------------------------------------

  ALTER TABLE "HR"."Books" MODIFY ("Id" NOT NULL ENABLE)
  ALTER TABLE "HR"."Books" MODIFY ("NumberOfPage" NOT NULL ENABLE)
  ALTER TABLE "HR"."Books" MODIFY ("Status" NOT NULL ENABLE)
  ALTER TABLE "HR"."Books" MODIFY ("AuthorId" NOT NULL ENABLE)
  ALTER TABLE "HR"."Books" MODIFY ("TypeId" NOT NULL ENABLE)
  ALTER TABLE "HR"."Books" ADD CONSTRAINT "PK_Books" PRIMARY KEY ("Id") USING INDEX  ENABLE
--------------------------------------------------------
--  Constraints for Table BorrowedBooks
--------------------------------------------------------

  ALTER TABLE "HR"."BorrowedBooks" MODIFY ("Id" NOT NULL ENABLE)
  ALTER TABLE "HR"."BorrowedBooks" MODIFY ("BorrowDate" NOT NULL ENABLE)
  ALTER TABLE "HR"."BorrowedBooks" MODIFY ("ReturnDate" NOT NULL ENABLE)
  ALTER TABLE "HR"."BorrowedBooks" MODIFY ("Status" NOT NULL ENABLE)
  ALTER TABLE "HR"."BorrowedBooks" MODIFY ("UserId" NOT NULL ENABLE)
  ALTER TABLE "HR"."BorrowedBooks" MODIFY ("BookId" NOT NULL ENABLE)
  ALTER TABLE "HR"."BorrowedBooks" ADD CONSTRAINT "PK_BorrowedBooks" PRIMARY KEY ("Id") USING INDEX  ENABLE
--------------------------------------------------------
--  Constraints for Table __EFMigrationsHistory
--------------------------------------------------------

  ALTER TABLE "HR"."__EFMigrationsHistory" MODIFY ("MigrationId" NOT NULL ENABLE)
  ALTER TABLE "HR"."__EFMigrationsHistory" MODIFY ("ProductVersion" NOT NULL ENABLE)
  ALTER TABLE "HR"."__EFMigrationsHistory" ADD CONSTRAINT "PK___EFMigrationsHistory" PRIMARY KEY ("MigrationId") USING INDEX  ENABLE
--------------------------------------------------------
--  Constraints for Table Messages
--------------------------------------------------------

  ALTER TABLE "HR"."Messages" MODIFY ("Id" NOT NULL ENABLE)
  ALTER TABLE "HR"."Messages" MODIFY ("Date" NOT NULL ENABLE)
  ALTER TABLE "HR"."Messages" MODIFY ("UserID" NOT NULL ENABLE)
  ALTER TABLE "HR"."Messages" ADD CONSTRAINT "PK_Messages" PRIMARY KEY ("Id") USING INDEX  ENABLE
--------------------------------------------------------
--  Constraints for Table Positions
--------------------------------------------------------

  ALTER TABLE "HR"."Positions" MODIFY ("Id" NOT NULL ENABLE)
  ALTER TABLE "HR"."Positions" MODIFY ("Status" NOT NULL ENABLE)
  ALTER TABLE "HR"."Positions" ADD CONSTRAINT "PK_Positions" PRIMARY KEY ("Id") USING INDEX  ENABLE
--------------------------------------------------------
--  Constraints for Table Types
--------------------------------------------------------

  ALTER TABLE "HR"."Types" MODIFY ("Id" NOT NULL ENABLE)
  ALTER TABLE "HR"."Types" MODIFY ("Status" NOT NULL ENABLE)
  ALTER TABLE "HR"."Types" ADD CONSTRAINT "PK_Types" PRIMARY KEY ("Id") USING INDEX  ENABLE
--------------------------------------------------------
--  Constraints for Table Users
--------------------------------------------------------

  ALTER TABLE "HR"."Users" MODIFY ("Id" NOT NULL ENABLE)
  ALTER TABLE "HR"."Users" MODIFY ("Status" NOT NULL ENABLE)
  ALTER TABLE "HR"."Users" MODIFY ("PositionId" NOT NULL ENABLE)
  ALTER TABLE "HR"."Users" ADD CONSTRAINT "PK_Users" PRIMARY KEY ("Id") USING INDEX  ENABLE
--------------------------------------------------------
--  Ref Constraints for Table Books
--------------------------------------------------------

  ALTER TABLE "HR"."Books" ADD CONSTRAINT "FK_Books_Authors_AuthorId" FOREIGN KEY ("AuthorId") REFERENCES "HR"."Authors" ("Id") ON DELETE CASCADE ENABLE
  ALTER TABLE "HR"."Books" ADD CONSTRAINT "FK_Books_Types_TypeId" FOREIGN KEY ("TypeId") REFERENCES "HR"."Types" ("Id") ON DELETE CASCADE ENABLE
--------------------------------------------------------
--  Ref Constraints for Table BorrowedBooks
--------------------------------------------------------

  ALTER TABLE "HR"."BorrowedBooks" ADD CONSTRAINT "FK_BorrowedBooks_Books_BookId" FOREIGN KEY ("BookId") REFERENCES "HR"."Books" ("Id") ON DELETE CASCADE ENABLE
  ALTER TABLE "HR"."BorrowedBooks" ADD CONSTRAINT "FK_BorrowedBooks_Users_UserId" FOREIGN KEY ("UserId") REFERENCES "HR"."Users" ("Id") ON DELETE CASCADE ENABLE
--------------------------------------------------------
--  Ref Constraints for Table Messages
--------------------------------------------------------

  ALTER TABLE "HR"."Messages" ADD CONSTRAINT "FK_Messages_Users_UserID" FOREIGN KEY ("UserID") REFERENCES "HR"."Users" ("Id") ON DELETE CASCADE ENABLE
--------------------------------------------------------
--  Ref Constraints for Table Users
--------------------------------------------------------

  ALTER TABLE "HR"."Users" ADD CONSTRAINT "FK_Users_Positions_PositionId" FOREIGN KEY ("PositionId") REFERENCES "HR"."Positions" ("Id") ON DELETE CASCADE ENABLE
